scanned_at_utc,coin_id,data_source,status,buy_score,sell_score,buy_mandatory_passed,buy_alert_triggered,warning_alert_triggered,sell_alert_triggered,metrics_json
2026-09-27T10:01:17.660084+00:00,bitcoin,coingecko,success,7,1,False,False,True,False,"{""adx"": 32.76409786677052, ""btc_above_200ema"": true, ""buy_adx"": true, ""buy_bb"": false, ""buy_ema_aligned"": true, ""buy_macd"": true, ""buy_onchain"": true, ""buy_rsi"": true, ""buy_sentiment"": false, ""buy_stoch_rsi"": false, ""buy_volume_obv"": true, ""buy_vwap"": true, ""current_price"": 84899.92777194902, ""ema_alignment_type"": ""Full Alignment (Bullish)"", ""fear_greed"": 70, ""large_inflows_detected"": false, ""obv_bonus"": true, ""onchain_data_source"": ""mock_configuration"", ""resistance_dist_pct"": 1.9171783349623284, ""resistance_room_pass"": false, ""risk_reward_pass"": false, ""risk_reward_ratio"": 1.173982173800709, ""rsi_4h"": 60.287647474577646, ""sell_adx"": false, ""sell_bb"": true, ""sell_ema"": false, ""sell_macd"": false, ""sell_onchain"": false, ""sell_rsi"": false, ""sell_sentiment"": false, ""sell_stoch_rsi"": false, ""sell_volume_obv"": false, ""sell_vwap"": false, ""stop_loss"": 83513.46462287672, ""target_price"": 86527.61079359149, ""volume_ratio"": 0.4477224723437914, ""whale_accumulating"": true}"
2026-09-27T10:01:56.862241+00:00,ethereum,coingecko,success,6,1,True,False,False,False,"{""adx"": 21.289527527214794, ""btc_above_200ema"": true, ""buy_adx"": false, ""buy_bb"": false, ""buy_ema_aligned"": true, ""buy_macd"": true, ""buy_onchain"": true, ""buy_rsi"": true, ""buy_sentiment"": false, ""buy_stoch_rsi"": false, ""buy_volume_obv"": true, ""buy_vwap"": true, ""current_price"": 2714.9546339996627, ""ema_alignment_type"": ""Full Alignment (Bullish)"", ""fear_greed"": 70, ""large_inflows_detected"": false, ""obv_bonus"": true, ""onchain_data_source"": ""mock_configuration"", ""resistance_dist_pct"": 39.96550632604317, ""resistance_room_pass"": true, ""risk_reward_pass"": true, ""risk_reward_ratio"": 16.266797356587702, ""rsi_4h"": 59.62827746804822, ""sell_adx"": false, ""sell_bb"": true, ""sell_ema"": false, ""sell_macd"": false, ""sell_onchain"": false, ""sell_rsi"": false, ""sell_sentiment"": false, ""sell_stoch_rsi"": false, ""sell_volume_obv"": false, ""sell_vwap"": false, ""stop_loss"": 2648.2515613409923, ""target_price"": 3800.0, ""volume_ratio"": 0.421481841413844, ""whale_accumulating"": true}"
2026-09-27T10:02:36.079106+00:00,solana,coingecko,success,6,1,True,False,False,False,"{""adx"": 35.870202170053965, ""btc_above_200ema"": true, ""buy_adx"": true, ""buy_bb"": false, ""buy_ema_aligned"": true, ""buy_macd"": true, ""buy_onchain"": true, ""buy_rsi"": false, ""buy_sentiment"": false, ""buy_stoch_rsi"": false, ""buy_volume_obv"": true, ""buy_vwap"": true, ""current_price"": 124.3837863927833, ""ema_alignment_type"": ""Full Alignment (Bullish)"", ""fear_greed"": 70, ""large_inflows_detected"": false, ""obv_bonus"": true, ""onchain_data_source"": ""mock_configuration"", ""resistance_dist_pct"": 48.73321142982476, ""resistance_room_pass"": true, ""risk_reward_pass"": true, ""risk_reward_ratio"": 5.512042084760304, ""rsi_4h"": 72.69692617378875, ""sell_adx"": false, ""sell_bb"": true, ""sell_ema"": false, ""sell_macd"": false, ""sell_onchain"": false, ""sell_rsi"": false, ""sell_sentiment"": false, ""sell_stoch_rsi"": false, ""sell_volume_obv"": false, ""sell_vwap"": false, ""stop_loss"": 113.38673436104929, ""target_price"": 185.0, ""volume_ratio"": 0.5412750681175127, ""whale_accumulating"": true}"
2026-09-27T10:03:15.285459+00:00,ripple,coingecko,success,4,3,False,False,False,False,"{""adx"": 13.158874389592356, ""btc_above_200ema"": true, ""buy_adx"": false, ""buy_bb"": false, ""buy_ema_aligned"": true, ""buy_macd"": false, ""buy_onchain"": false, ""buy_rsi"": true, ""buy_sentiment"": false, ""buy_stoch_rsi"": false, ""buy_volume_obv"": true, ""buy_vwap"": false, ""current_price"": 1.5381722758199394, ""ema_alignment_type"": ""Full Alignment (Bullish)"", ""fear_greed"": 70, ""large_inflows_detected"": false, ""obv_bonus"": true, ""onchain_data_source"": ""mock_configuration"", ""resistance_dist_pct"": -44.739609901829866, ""resistance_room_pass"": false, ""risk_reward_pass"": false, ""risk_reward_ratio"": 1.0906174209064483, ""rsi_4h"": 52.94173880034985, ""sell_adx"": true, ""sell_bb"": false, ""sell_ema"": false, ""sell_macd"": true, ""sell_onchain"": false, ""sell_rsi"": false, ""sell_sentiment"": false, ""sell_stoch_rsi"": false, ""sell_volume_obv"": false, ""sell_vwap"": true, ""stop_loss"": 1.467653859080295, ""target_price"": 1.6150808896109365, ""volume_ratio"": 0.46995511326821354, ""whale_accumulating"": false}"
2026-09-27T10:03:54.725432+00:00,binancecoin,coingecko,success,7,1,True,True,False,False,"{""adx"": 22.619050414046487, ""btc_above_200ema"": true, ""buy_adx"": false, ""buy_bb"": true, ""buy_ema_aligned"": true, ""buy_macd"": true, ""buy_onchain"": true, ""buy_rsi"": true, ""buy_sentiment"": false, ""buy_stoch_rsi"": false, ""buy_volume_obv"": true, ""buy_vwap"": true, ""current_price"": 779.8476112111704, ""ema_alignment_type"": ""Full Alignment (Bullish)"", ""fear_greed"": 70, ""large_inflows_detected"": false, ""obv_bonus"": true, ""onchain_data_source"": ""mock_configuration"", ""resistance_dist_pct"": -7.674269992084978, ""resistance_room_pass"": false, ""risk_reward_pass"": true, ""risk_reward_ratio"": 3.417511419246836, ""rsi_4h"": 57.09436910218162, ""sell_adx"": false, ""sell_bb"": true, ""sell_ema"": false, ""sell_macd"": false, ""sell_onchain"": false, ""sell_rsi"": false, ""sell_sentiment"": false, ""sell_stoch_rsi"": false, ""sell_volume_obv"": false, ""sell_vwap"": false, ""stop_loss"": 768.4380281031345, ""target_price"": 818.8399917717289, ""volume_ratio"": 0.5432000580923759, ""whale_accumulating"": true}"
2026-09-27T11:01:19.233249+00:00,bitcoin,coingecko,success,6,2,False,False,False,False,"{""adx"": 32.778256307381206, ""btc_above_200ema"": true, ""buy_adx"": true, ""buy_bb"": false, ""buy_ema_aligned"": true, ""buy_macd"": false, ""buy_onchain"": true, ""buy_rsi"": true, ""buy_sentiment"": false, ""buy_stoch_rsi"": false, ""buy_volume_obv"": true, ""buy_vwap"": true, ""current_price"": 84835.35606536176, ""ema_alignment_type"": ""Full Alignment (Bullish)"", ""fear_greed"": 70, ""large_inflows_detected"": false, ""obv_bonus"": true, ""onchain_data_source"": ""mock_configuration"", ""resistance_dist_pct"": 1.9947517246534878, ""resistance_room_pass"": false, ""risk_reward_pass"": false, ""risk_reward_ratio"": 1.2801767783959959, ""rsi_4h"": 59.711956925151725, ""sell_adx"": false, ""sell_bb"": true, ""sell_ema"": false, ""sell_macd"": true, ""sell_onchain"": false, ""sell_rsi"": false, ""sell_sentiment"": false, ""sell_stoch_rsi"": false, ""sell_volume_obv"": false, ""sell_vwap"": false, ""stop_loss"": 83513.46462287672, ""target_price"": 86527.61079359149, ""volume_ratio"": 0.6041741549203646, ""whale_accumulating"": true}"
2026-09-27T11:01:58.535673+00:00,ethereum,coingecko,success,6,1,True,False,False,False,"{""adx"": 21.289527527214794, ""btc_above_200ema"": true, ""buy_adx"": false, ""buy_bb"": false, ""buy_ema_aligned"": true, ""buy_macd"": true, ""buy_onchain"": true, ""buy_rsi"": true, ""buy_sentiment"": false, ""buy_stoch_rsi"": false, ""buy_volume_obv"": true, ""buy_vwap"": true, ""current_price"": 2709.2131215122527, ""ema_alignment_type"": ""Full Alignment (Bullish)"", ""fear_greed"": 70, ""large_inflows_detected"": false, ""obv_bonus"": true, ""onchain_data_source"": ""mock_configuration"", ""resistance_dist_pct"": 40.26212887522419, ""resistance_room_pass"": true, ""risk_reward_pass"": true, ""risk_reward_ratio"": 17.893027596790205, ""rsi_4h"": 58.04554734407283, ""sell_adx"": false, ""sell_bb"": true, ""sell_ema"": false, ""sell_macd"": false, ""sell_onchain"": false, ""sell_rsi"": false, ""sell_sentiment"": false, ""sell_stoch_rsi"": false, ""sell_volume_obv"": false, ""sell_vwap"": false, ""stop_loss"": 2648.2515613409923, ""target_price"": 3800.0, ""volume_ratio"": 0.5634963583743163, ""whale_accumulating"": true}"
2026-09-27T11:02:37.859789+00:00,solana,coingecko,success,6,1,True,False,False,False,"{""adx"": 35.88064253761833, ""btc_above_200ema"": true, ""buy_adx"": true, ""buy_bb"": false, ""buy_ema_aligned"": true, ""buy_macd"": true, ""buy_onchain"": true, ""buy_rsi"": false, ""buy_sentiment"": false, ""buy_stoch_rsi"": false, ""buy_volume_obv"": true, ""buy_vwap"": true, ""current_price"": 123.94346134742776, ""ema_alignment_type"": ""Full Alignment (Bullish)"", ""fear_greed"": 70, ""large_inflows_detected"": false, ""obv_bonus"": true, ""onchain_data_source"": ""mock_configuration"", ""resistance_dist_pct"": 49.26160524226748, ""resistance_room_pass"": true, ""risk_reward_pass"": true, ""risk_reward_ratio"": 5.783661804587217, ""rsi_4h"": 71.75885710612205, ""sell_adx"": false, ""sell_bb"": true, ""sell_ema"": false, ""sell_macd"": false, ""sell_onchain"": false, ""sell_rsi"": false, ""sell_sentiment"": false, ""sell_stoch_rsi"": false, ""sell_volume_obv"": false, ""sell_vwap"": false, ""stop_loss"": 113.38673436104929, ""target_price"": 185.0, ""volume_ratio"": 0.7245037167886041, ""whale_accumulating"": true}"
2026-09-27T11:03:17.156958+00:00,ripple,coingecko,success,4,3,False,False,False,False,"{""adx"": 13.159781008242861, ""btc_above_200ema"": true, ""buy_adx"": false, ""buy_bb"": false, ""buy_ema_aligned"": true, ""buy_macd"": false, ""buy_onchain"": false, ""buy_rsi"": true, ""buy_sentiment"": false, ""buy_stoch_rsi"": false, ""buy_volume_obv"": true, ""buy_vwap"": false, ""current_price"": 1.5373359709001448, ""ema_alignment_type"": ""Full Alignment (Bullish)"", ""fear_greed"": 70, ""large_inflows_detected"": false, ""obv_bonus"": true, ""onchain_data_source"": ""mock_configuration"", ""resistance_dist_pct"": -44.70954845983953, ""resistance_room_pass"": false, ""risk_reward_pass"": false, ""risk_reward_ratio"": 1.103106615708378, ""rsi_4h"": 52.57923071853208, ""sell_adx"": true, ""sell_bb"": false, ""sell_ema"": false, ""sell_macd"": true, ""sell_onchain"": false, ""sell_rsi"": false, ""sell_sentiment"": false, ""sell_stoch_rsi"": false, ""sell_volume_obv"": false, ""sell_vwap"": true, ""stop_loss"": 1.467653859080295, ""target_price"": 1.6142027694451522, ""volume_ratio"": 0.62109661708343, ""whale_accumulating"": false}"
2026-09-27T11:03:56.449825+00:00,binancecoin,coingecko,success,6,2,True,False,False,False,"{""adx"": 22.6278544928272, ""btc_above_200ema"": true, ""buy_adx"": false, ""buy_bb"": true, ""buy_ema_aligned"": true, ""buy_macd"": false, ""buy_onchain"": true, ""buy_rsi"": true, ""buy_sentiment"": false, ""buy_stoch_rsi"": false, ""buy_volume_obv"": true, ""buy_vwap"": true, ""current_price"": 778.6390858349496, ""ema_alignment_type"": ""Full Alignment (Bullish)"", ""fear_greed"": 70, ""large_inflows_detected"": false, ""obv_bonus"": true, ""onchain_data_source"": ""mock_configuration"", ""resistance_dist_pct"": -7.530971267910315, ""resistance_room_pass"": false, ""risk_reward_pass"": true, ""risk_reward_ratio"": 3.8164624997980616, ""rsi_4h"": 55.79683852516442, ""sell_adx"": false, ""sell_bb"": true, ""sell_ema"": false, ""sell_macd"": true, ""sell_onchain"": false, ""sell_rsi"": false, ""sell_sentiment"": false, ""sell_stoch_rsi"": false, ""sell_volume_obv"": false, ""sell_vwap"": false, ""stop_loss"": 768.4380281031345, ""target_price"": 817.5710401266971, ""volume_ratio"": 0.722562671234197, ""whale_accumulating"": true}"
